City_ID,City,Country,Date,Lat,Lng,Max Temp,Humidity,Cloudiness,Wind Speed
0,Chokurdakh,RU,2022-10-05 19:22:55,70.6333,147.9167,16.29,97,97,4.83
1,Hithadhoo,MV,2022-10-05 19:22:56,-0.6,73.0833,82.4,73,100,17.56
2,Hilo,US,2022-10-05 19:22:57,19.7297,-155.09,85.28,74,40,3.44
3,La Ronge,CA,2022-10-05 19:22:57,55.1001,-105.2842,43.02,45,40,6.91
4,Busselton,AU,2022-10-05 19:22:58,-33.65,115.3333,49.48,60,18,9.91
5,Kapaa,US,2022-10-05 19:21:29,22.0752,-159.319,80.58,87,100,5.75
6,Rikitea,PF,2022-10-05 19:22:59,-23.1203,-134.9692,69.57,59,0,21.23
7,Port Elizabeth,ZA,2022-10-05 19:23:00,-33.918,25.5701,61.32,85,40,9.22
8,Geraldton,AU,2022-10-05 19:23:00,-28.7667,114.6,54.01,87,75,6.91
9,Hebi,CN,2022-10-05 19:23:02,35.8992,114.1925,49.57,65,92,3.44
10,Kaitangata,NZ,2022-10-05 19:23:02,-46.2817,169.8464,36.43,80,100,14.61
11,Stade,DE,2022-10-05 19:20:46,53.6,9.4833,63.41,72,6,17.09
12,Albany,US,2022-10-05 19:23:04,42.6001,-73.9662,63.88,79,100,3.71
13,Portland,US,2022-10-05 19:21:37,45.5234,-122.6762,70.0,79,100,6.91
14,Carnarvon,AU,2022-10-05 19:23:05,-24.8667,113.6333,63.3,64,1,23.4
15,Bambous Virieux,MU,2022-10-05 19:23:06,-20.3428,57.7575,71.85,73,40,8.05
16,Pangody,RU,2022-10-05 19:23:07,65.85,74.4859,31.03,93,18,2.1
17,Yellowknife,CA,2022-10-05 19:21:18,62.456,-114.3525,37.92,65,75,12.66
18,Nikolskoye,RU,2022-10-05 19:23:08,59.7035,30.7861,46.8,93,100,5.32
19,Vanavara,RU,2022-10-05 19:23:09,60.34,102.2797,26.76,82,46,3.33
20,Hobart,AU,2022-10-05 19:21:58,-42.8794,147.3294,48.25,84,75,9.22
21,Wukari,NG,2022-10-05 19:23:10,7.85,9.7833,77.61,84,55,3.36
22,Mataura,NZ,2022-10-05 19:23:11,-46.1927,168.8643,36.48,86,100,7.2
23,Sambava,MG,2022-10-05 19:23:11,-14.2667,50.1667,69.98,90,5,11.21
24,Oranjemund,NA,2022-10-05 19:23:12,-28.55,16.4333,56.62,85,62,12.53
25,Cartagena,CO,2022-10-05 19:20:23,10.3997,-75.5144,82.02,78,75,11.5
26,Kargopol,RU,2022-10-05 19:23:13,61.5071,38.9456,46.81,98,100,2.24
27,Souillac,MU,2022-10-05 19:23:14,-20.5167,57.5167,71.98,73,40,8.05
28,Talnakh,RU,2022-10-05 19:23:15,69.4865,88.3972,23.52,94,87,3.69
29,Tasiilaq,GL,2022-10-05 19:23:16,65.6145,-37.6368,33.96,65,77,4.65
30,Bluff,NZ,2022-10-05 19:23:17,-46.6,168.3333,36.81,73,96,21.3
31,Hermanus,ZA,2022-10-05 19:23:17,-34.4187,19.2345,56.8,81,0,11.92
32,East London,ZA,2022-10-05 19:20:17,-33.0153,27.9116,66.54,83,100,9.71
33,Nanortalik,GL,2022-10-05 19:23:18,60.1432,-45.2371,37.9,87,49,13.6
34,Port Alfred,ZA,2022-10-05 19:23:19,-33.5906,26.891,62.19,89,90,4.0
35,Arraial Do Cabo,BR,2022-10-05 19:23:20,-22.9661,-42.0278,71.46,78,100,10.36
36,Ushuaia,AR,2022-10-05 19:23:21,-54.8,-68.3,51.46,43,40,11.5
37,Butaritari,KI,2022-10-05 19:23:22,3.0707,172.7902,81.64,72,6,20.2
38,Vaini,TO,2022-10-05 19:23:23,-21.2,-175.2,76.51,86,100,13.96
39,Mocuba,MZ,2022-10-05 19:23:24,-16.8392,36.9856,75.99,63,0,7.07
40,Kharakvasla,IN,2022-10-05 19:23:25,18.4333,73.7667,71.82,85,82,3.78
41,Tuktoyaktuk,CA,2022-10-05 19:23:25,69.4541,-133.0374,32.0,100,100,12.66
42,Tiksi,RU,2022-10-05 19:23:26,71.6872,128.8694,24.75,75,92,21.3
43,Faanui,PF,2022-10-05 19:23:27,-16.4833,-151.75,77.81,75,51,26.24
44,Wewak,PG,2022-10-05 19:23:27,-3.5534,143.6268,79.68,85,100,7.31
45,Ambilobe,MG,2022-10-05 19:24:28,-13.2,49.05,70.25,81,2,3.8
46,Leningradskiy,RU,2022-10-05 19:24:29,69.3833,178.4167,25.88,86,100,12.1
47,Punta Arenas,CL,2022-10-05 19:23:21,-53.15,-70.9167,53.71,43,75,16.11
48,Kandrian,PG,2022-10-05 19:24:30,-6.2167,149.55,77.34,90,76,6.38
49,Gizo,SB,2022-10-05 19:24:31,-8.103,156.8419,81.46,76,61,7.61
50,Bredasdorp,ZA,2022-10-05 19:24:31,-34.5322,20.0403,51.94,87,0,5.5
51,Kaseda,JP,2022-10-05 19:24:32,31.4167,130.3167,70.75,75,8,4.83
52,Olinda,BR,2022-10-05 19:24:33,-8.0089,-34.8553,80.33,74,75,6.91
53,Bethel,US,2022-10-05 19:24:34,41.3712,-73.414,62.42,86,100,3.44
54,Atuona,PF,2022-10-05 19:24:34,-9.8,-139.0333,77.27,70,0,15.73
55,Luderitz,NA,2022-10-05 19:24:35,-26.6481,15.1594,56.84,78,39,20.27
56,Shu,KZ,2022-10-05 19:24:36,43.5983,73.7614,54.64,30,0,10.94
57,Coquimbo,CL,2022-10-05 19:24:37,-29.9533,-71.3436,64.13,59,20,16.11
58,Bowen,AU,2022-10-05 19:24:37,-20.0167,148.2333,72.68,78,34,11.18
59,Ribeira Grande,PT,2022-10-05 19:24:38,38.5167,-28.7,70.2,88,75,10.36
60,Mount Isa,AU,2022-10-05 19:24:39,-20.7333,139.5,67.77,100,60,6.91
61,Upernavik,GL,2022-10-05 19:24:39,72.7868,-56.1549,19.74,78,66,5.01
62,Sassandra,CI,2022-10-05 19:24:40,4.95,-6.0833,75.54,92,21,6.29
63,Maragogi,BR,2022-10-05 19:24:41,-9.0122,-35.2225,80.71,71,17,10.02
64,Lompoc,US,2022-10-05 19:24:41,34.6391,-120.4579,88.02,100,20,3.44
65,Chuy,UY,2022-10-05 19:24:42,-33.6971,-53.4616,65.62,59,81,14.67
66,Amapa,BR,2022-10-05 19:24:43,1.0,-52.0,96.57,31,98,6.06
67,Tilichiki,RU,2022-10-05 19:24:43,60.4667,166.1,32.13,78,2,17.49
68,Sao Filipe,CV,2022-10-05 19:24:44,14.8961,-24.4956,79.9,78,53,5.61
69,Pevek,RU,2022-10-05 19:24:44,69.7008,170.3133,28.62,78,100,10.45
70,Broken Hill,AU,2022-10-05 19:24:45,-31.95,141.4333,62.22,59,0,3.62
71,Peleduy,RU,2022-10-05 19:24:46,59.6289,112.7406,28.6,75,96,7.11
72,Cape Town,ZA,2022-10-05 19:24:46,-33.9258,18.4232,60.89,65,0,7.0
73,Lososina,RU,2022-10-05 19:24:47,48.9975,140.3106,37.08,56,100,13.82
74,Solnechnyy,RU,2022-10-05 19:24:48,50.7214,136.6319,31.06,53,5,8.84
75,Ponyri,RU,2022-10-05 19:24:48,52.3186,36.3039,43.05,92,77,9.89
76,Dunedin,NZ,2022-10-05 19:24:49,-45.8742,170.5036,34.79,91,100,19.08
77,Mayo,US,2022-10-05 19:24:50,38.8876,-76.5119,63.86,85,100,9.22
78,Esperance,AU,2022-10-05 19:24:51,-33.8667,121.9,52.84,73,61,18.99
79,Qaanaaq,GL,2022-10-05 19:24:51,77.484,-69.3632,8.35,74,74,7.56
80,Iqaluit,CA,2022-10-05 19:24:52,63.7506,-68.5145,33.53,100,100,8.05
81,Dikson,RU,2022-10-05 19:24:53,73.5069,80.5464,30.67,73,85,4.81
82,Clarence Town,AU,2022-10-05 19:24:53,-32.5833,151.7833,60.85,95,100,3.71
83,Mecca,SA,2022-10-05 19:21:14,21.4267,39.8261,86.14,38,0,3.53
84,Chandausi,IN,2022-10-05 19:24:54,28.45,78.7667,73.38,90,100,10.51
85,Krasnoshchekovo,RU,2022-10-05 19:24:55,51.6708,82.7289,43.86,51,100,6.46
86,Khatanga,RU,2022-10-05 19:24:56,71.9667,102.5,8.4,99,84,3.83
87,Sitka,US,2022-10-05 19:24:56,57.0531,-135.33,60.69,77,100,17.27
88,Beringovskiy,RU,2022-10-05 19:24:57,63.05,179.3167,44.29,90,100,29.33
89,Kavalerovo,RU,2022-10-05 19:24:58,44.2661,135.0572,29.71,62,48,3.4
90,Maragogipe,BR,2022-10-05 19:24:58,-12.7778,-38.9194,82.35,59,47,10.65
91,Saint-Louis,SN,2022-10-05 19:24:59,16.3333,-15.0,98.24,15,8,6.87
92,Vestmannaeyjar,IS,2022-10-05 19:26:00,63.4427,-20.2734,45.9,70,65,20.36
93,Setermoen,NO,2022-10-05 19:26:00,68.861,18.3486,46.44,92,100,5.99
94,San Patricio,US,2022-10-05 19:26:01,28.017,-97.5169,89.69,35,5,8.01
95,Katsuura,JP,2022-10-05 19:26:02,35.1333,140.3,63.86,87,100,22.97
96,Dwarka,IN,2022-10-05 19:26:03,22.2394,68.9678,81.99,69,3,10.71
97,Lizzano,IT,2022-10-05 19:26:03,40.391,17.4476,64.67,60,95,9.28
98,Liverpool,GB,2022-10-05 19:24:31,53.4106,-2.9779,53.82,85,75,16.11
99,Coihaique,CL,2022-10-05 19:25:02,-45.5752,-72.0662,51.75,54,100,5.75
100,Mount Gambier,AU,2022-10-05 19:26:05,-37.8333,140.7667,57.11,94,100,10.36
101,Geilo,NO,2022-10-05 19:26:06,60.5333,8.2076,45.55,85,100,9.91
102,Malinovskiy,RU,2022-10-05 19:26:07,61.1953,62.8397,44.96,79,99,4.68
103,Aden,YE,2022-10-05 19:26:08,12.7794,45.0367,87.82,67,100,5.7
104,Gold Coast,AU,2022-10-05 19:21:39,-28.0,153.4333,64.0,89,75,5.75
105,Komsomolskiy,UZ,2022-10-05 19:26:09,40.4272,71.7189,56.12,41,100,6.91
106,Saskylakh,RU,2022-10-05 19:26:11,71.9167,114.0833,4.98,98,82,4.56
107,Pisco,PE,2022-10-05 19:24:52,-13.7,-76.2167,66.25,63,0,8.05
108,Tecoanapa,MX,2022-10-05 19:26:12,16.5167,-98.75,84.78,65,9,7.83
109,Les Cayes,HT,2022-10-05 19:26:13,18.2,-73.75,86.83,66,60,7.31
110,Yulara,AU,2022-10-05 19:26:13,-25.2406,130.9889,66.02,30,0,4.76
111,Acapulco,MX,2022-10-05 19:22:50,16.8634,-99.8901,87.62,62,40,4.61
112,Andros Town,BS,2022-10-05 19:22:00,24.7,-77.7667,85.96,67,71,11.07
113,Warah,PK,2022-10-05 19:26:15,27.4481,67.7978,83.5,30,0,9.26
114,Bethal,ZA,2022-10-05 19:26:16,-26.4579,29.4655,67.53,38,0,6.31
115,Ancud,CL,2022-10-05 19:26:17,-41.8697,-73.8203,48.61,92,100,24.43
116,Havoysund,NO,2022-10-05 19:26:17,70.9963,24.6622,44.83,88,100,19.64
117,Yermish,RU,2022-10-05 19:26:18,54.7678,42.2711,47.05,94,66,6.35
118,Parrsboro,CA,2022-10-05 19:26:19,45.4001,-64.332,68.79,63,8,1.01
119,Kuldur,RU,2022-10-05 19:26:20,49.2167,131.6333,27.3,70,77,4.43
120,Grand-Lahou,CI,2022-10-05 19:26:20,5.1367,-5.0242,76.24,90,93,7.65
121,Terrace,CA,2022-10-05 19:26:21,54.5163,-128.6035,55.31,94,100,0.0
122,Joyabaj,GT,2022-10-05 19:26:22,14.995,-90.8061,76.26,54,47,4.88
123,Oeiras,BR,2022-10-05 19:26:23,-7.0253,-42.1311,101.7,15,100,5.26
124,Constantine,DZ,2022-10-05 19:26:23,36.365,6.6147,65.61,82,75,3.44
125,Waingapu,ID,2022-10-05 19:26:24,-9.6567,120.2641,79.77,82,100,5.48
126,New Norfolk,AU,2022-10-05 19:26:25,-42.7826,147.0587,47.91,69,100,5.01
127,Raga,SS,2022-10-05 19:25:22,8.4596,25.678,70.29,92,7,0.72
128,Soyo,AO,2022-10-05 19:26:26,-6.1349,12.3689,75.78,86,59,11.21
129,Makakilo City,US,2022-10-05 19:26:27,21.3469,-158.0858,80.92,67,75,8.05
130,Inta,RU,2022-10-05 19:26:28,66.0317,60.1659,43.56,85,100,8.5
131,Fairbanks,US,2022-10-05 19:26:29,64.8378,-147.7164,45.23,87,100,0.0
132,Narsaq,GL,2022-10-05 19:26:29,60.9167,-46.05,39.42,92,100,11.03
133,Provideniya,RU,2022-10-05 19:26:30,64.3833,-173.3,39.45,96,100,14.38
134,Altay,CN,2022-10-05 19:26:31,47.8667,88.1167,39.38,41,15,2.8
135,Torbay,CA,2022-10-05 19:26:31,47.6666,-52.7314,63.88,49,20,14.97
136,Sorland,NO,2022-10-05 19:26:32,67.667,12.6934,50.68,72,100,28.1
137,Tselinnoye,RU,2022-10-05 19:26:33,53.0833,85.6667,36.7,92,100,9.22
138,Nogales,MX,2022-10-05 19:25:39,31.3086,-110.9422,79.25,38,20,12.66
139,Obo,CF,2022-10-05 19:26:34,5.3998,26.4869,69.24,94,40,3.8
140,Le Locle,CH,2022-10-05 19:27:35,47.0595,6.7523,56.86,50,0,3.44
141,Hearst,CA,2022-10-05 19:27:36,49.6835,-83.6665,59.25,88,100,8.79
142,Prieska,ZA,2022-10-05 19:27:36,-29.6641,22.7474,73.38,6,99,6.93
143,Dingle,PH,2022-10-05 19:27:37,10.9995,122.6711,76.64,89,99,6.02
144,Tongliao,CN,2022-10-05 19:27:38,43.6125,122.2653,34.79,41,6,6.71
145,Avarua,CK,2022-10-05 19:27:39,-21.2078,-159.775,77.05,69,40,19.57
146,Pacific Grove,US,2022-10-05 19:27:39,36.6177,-121.9166,75.38,85,40,10.0
147,Lebu,CL,2022-10-05 19:27:40,-37.6167,-73.65,54.99,68,100,10.45
148,Puerto Ayora,EC,2022-10-05 19:27:41,-0.7393,-90.3518,76.96,90,81,5.01
149,Mar Del Plata,AR,2022-10-05 19:26:41,-38.0023,-57.5575,60.82,87,100,10.36
150,Ponta Do Sol,PT,2022-10-05 19:27:42,32.6667,-17.1,73.71,90,100,6.46
151,Nemuro,JP,2022-10-05 19:27:43,43.3236,145.575,51.49,67,100,8.84
152,Fortuna,US,2022-10-05 19:27:43,40.5982,-124.1573,66.92,75,3,1.01
153,Omboue,GA,2022-10-05 19:27:44,-1.5746,9.2618,76.62,85,68,8.81
154,Ormara,PK,2022-10-05 19:27:45,25.2088,64.6357,78.75,86,1,11.48
155,Taltal,CL,2022-10-05 19:27:45,-25.4,-70.4833,60.82,59,8,3.85
156,Gushikawa,JP,2022-10-05 19:27:46,26.3544,127.8686,78.03,83,75,4.61
157,Rocha,UY,2022-10-05 19:27:47,-34.4833,-54.3333,67.68,55,88,14.94
158,Tonstad,NO,2022-10-05 19:27:48,58.6626,6.7169,53.2,94,100,13.09
159,Caconda,AO,2022-10-05 19:27:48,-13.7333,15.0667,69.26,57,100,10.63
160,Aloleng,PH,2022-10-05 19:27:49,16.1307,119.7824,80.71,81,97,3.85
161,Victoria,HK,2022-10-05 19:24:16,22.2855,114.1577,83.32,79,26,11.01
162,Jamestown,US,2022-10-05 19:27:50,42.097,-79.2353,66.06,43,0,11.5
163,Derzhavinsk,KZ,2022-10-05 19:27:51,51.1,66.3167,50.23,34,99,7.74
164,Umba,RU,2022-10-05 19:27:52,66.6871,34.3429,45.05,97,100,9.26
165,Cabo San Lucas,MX,2022-10-05 19:25:31,22.8909,-109.9124,90.61,54,0,4.61
166,Kahului,US,2022-10-05 19:27:53,20.8947,-156.47,86.02,67,40,13.8
167,Mahebourg,MU,2022-10-05 19:27:54,-20.4081,57.7,71.89,73,40,8.05
168,Makanya,TZ,2022-10-05 19:27:14,-4.3667,37.8333,70.66,76,19,4.97
169,Cherskiy,RU,2022-10-05 19:27:55,68.75,161.3,22.39,78,100,7.72
170,Luanda,AO,2022-10-05 19:27:55,-8.8368,13.2343,75.2,83,0,9.22
171,Hualmay,PE,2022-10-05 19:27:56,-11.0964,-77.6139,66.27,67,10,13.18
172,Ilulissat,GL,2022-10-05 19:27:57,69.2167,-51.1,28.42,64,20,3.44
173,Rawson,AR,2022-10-05 19:27:57,-43.3002,-65.1023,69.6,28,0,21.41
174,Georgetown,MY,2022-10-05 19:25:44,5.4112,100.3354,77.95,95,40,3.44
175,Barrow,US,2022-10-05 19:27:58,71.2906,-156.7887,37.42,65,40,24.16
176,Ostrovnoy,RU,2022-10-05 19:27:59,68.0531,39.5131,46.96,91,100,13.42
177,Qasigiannguit,GL,2022-10-05 19:28:00,68.8193,-51.1922,28.65,75,13,4.72
178,North Bend,US,2022-10-05 19:25:01,43.4065,-124.2243,69.17,87,0,6.91
179,Bilma,NE,2022-10-05 19:28:01,18.6853,12.9164,93.09,16,7,7.38
180,Saint-Philippe,RE,2022-10-05 19:28:02,-21.3585,55.7679,71.19,79,55,10.18
181,Qaqortoq,GL,2022-10-05 19:28:02,60.7167,-46.0333,37.63,88,100,13.85
182,Ouro Preto,BR,2022-10-05 19:28:03,-20.3948,-43.5052,74.79,56,88,1.74
183,Batie,BF,2022-10-05 19:28:04,9.8833,-2.9167,81.3,66,95,4.36
184,Alofi,NU,2022-10-05 19:29:04,-19.0595,-169.9187,78.69,83,100,9.22
185,Thinadhoo,MV,2022-10-05 19:29:05,0.5333,72.9333,81.93,76,100,17.11
186,Pingliang,CN,2022-10-05 19:29:06,35.5392,106.6861,48.16,90,100,2.21
187,Ixtapa,MX,2022-10-05 19:29:07,20.7,-105.2,87.03,66,75,6.91
188,Syracuse,IT,2022-10-05 19:29:08,37.0881,15.2792,69.39,57,4,4.65
189,West Wendover,US,2022-10-05 19:26:51,40.7391,-114.0733,69.01,30,0,5.75
190,Kodiak,US,2022-10-05 19:27:54,57.79,-152.4072,53.11,87,100,24.16
191,Roald,NO,2022-10-05 19:29:10,62.5833,6.1333,51.75,81,20,21.85
192,Novokayakent,RU,2022-10-05 19:29:11,42.3937,47.9861,68.7,69,100,3.44
193,Nador,MA,2022-10-05 19:29:12,35.174,-2.9287,71.85,94,75,3.44
194,Chapais,CA,2022-10-05 19:29:12,49.7834,-74.8492,56.98,88,100,7.76
195,Thompson,CA,2022-10-05 19:29:13,55.7435,-97.8558,32.16,69,75,18.41
196,Half Moon Bay,US,2022-10-05 19:29:14,37.4636,-122.4286,79.88,75,100,6.91
197,Archidona,ES,2022-10-05 19:29:15,37.0965,-4.3887,65.66,75,3,6.24
198,Whitehorse,CA,2022-10-05 19:27:46,60.7161,-135.0538,49.01,65,75,15.01
199,Itoman,JP,2022-10-05 19:29:16,26.1247,127.6694,78.82,83,100,10.36
200,Castro,BR,2022-10-05 19:26:46,-24.7911,-50.0119,76.1,57,100,4.29
201,Saint-Francois,FR,2022-10-05 19:29:17,46.4154,3.9054,58.44,82,0,2.3
202,Cururupu,BR,2022-10-05 19:29:18,-1.8283,-44.8683,85.44,59,80,6.93
203,Port Hedland,AU,2022-10-05 19:29:19,-20.3167,118.5667,64.45,94,0,4.61
204,Khasan,RU,2022-10-05 19:29:19,42.4308,130.6434,41.07,55,0,6.78
205,Staunton,US,2022-10-05 19:24:25,38.1496,-79.0717,70.66,60,100,11.5
206,Inongo,CD,2022-10-05 19:29:21,-1.95,18.2667,75.45,78,98,6.08
207,Togur,RU,2022-10-05 19:29:21,58.3631,82.8265,38.5,87,100,4.79
208,Manakara,MG,2022-10-05 19:29:22,-22.1333,48.0167,68.88,90,1,9.26
209,Airai,TL,2022-10-05 19:29:23,-8.9266,125.4092,59.25,80,82,2.37
210,Alyangula,AU,2022-10-05 19:29:24,-13.8483,136.4192,78.42,78,42,6.26
211,Kargil,IN,2022-10-05 19:29:25,34.5667,76.1,45.5,46,0,6.13
212,Arlit,NE,2022-10-05 19:29:25,18.7369,7.3853,96.51,13,7,19.51
213,Oudtshoorn,ZA,2022-10-05 19:29:26,-33.5907,22.2014,53.96,84,99,3.06
214,Ust-Nera,RU,2022-10-05 19:29:27,64.5667,143.2,8.06,96,100,3.18
215,Frankfort,ZA,2022-10-05 19:29:28,-27.2667,28.4833,75.13,30,0,10.45
216,Strezhevoy,RU,2022-10-05 19:29:29,60.7333,77.5889,37.65,76,100,5.21
217,Tuburan,PH,2022-10-05 19:29:29,6.6439,122.2736,82.0,75,77,2.82
218,Victoria Point,AU,2022-10-05 19:29:30,-27.5833,153.3,63.91,90,100,1.01
219,Quatre Cocos,MU,2022-10-05 19:29:31,-20.2078,57.7625,71.71,73,38,13.0
220,Alice Springs,AU,2022-10-05 19:29:31,-23.7,133.8833,60.35,72,0,0.0
221,Shimoni,KE,2022-10-05 19:29:32,-4.6476,39.3817,75.72,83,7,12.24
222,Tuatapere,NZ,2022-10-05 19:27:56,-46.1333,167.6833,36.93,83,100,14.94
223,Pavlodar,KZ,2022-10-05 19:29:33,52.3,76.95,35.4,80,0,4.47
224,Yar-Sale,RU,2022-10-05 19:29:34,66.8333,70.8333,33.35,88,18,8.37
225,Bakel,SN,2022-10-05 19:29:35,14.905,-12.4568,94.26,33,7,9.4
226,Bhimunipatnam,IN,2022-10-05 19:29:35,17.8833,83.4333,76.51,87,100,9.6
227,Cidreira,BR,2022-10-05 19:26:53,-30.1811,-50.2056,65.07,74,41,15.97
228,Nogliki,RU,2022-10-05 19:29:36,51.8333,143.1667,31.48,67,0,9.6
229,Boende,CD,2022-10-05 19:29:37,-0.2167,20.8667,69.03,95,100,2.35
230,Te Anau,NZ,2022-10-05 19:29:38,-45.4167,167.7167,28.13,93,74,0.63
231,Elat,IL,2022-10-05 19:29:38,29.5581,34.9482,87.64,45,0,5.75
232,Severo-Kurilsk,RU,2022-10-05 19:30:39,50.6789,156.125,42.53,63,65,17.34
233,Pechora,RU,2022-10-05 19:30:40,65.1472,57.2244,43.21,87,100,7.09
234,Korla,CN,2022-10-05 19:30:41,41.7597,86.1469,55.26,34,0,7.05
235,Ribeirao Das Neves,BR,2022-10-05 19:30:42,-19.7669,-44.0867,89.19,36,75,8.05
236,Camacupa,AO,2022-10-05 19:30:43,-12.0167,17.4833,72.34,39,100,6.58
237,Zyryanka,RU,2022-10-05 19:30:43,65.75,150.85,19.22,93,100,28.03
238,Saint Charles,US,2022-10-05 19:26:47,38.7667,-90.7335,79.72,28,0,4.0
239,Northam,GB,2022-10-05 19:30:44,51.0333,-4.2167,56.61,69,0,23.04
240,Vostok,RU,2022-10-05 19:30:45,46.4856,135.8833,25.93,78,28,5.5
241,Aktau,KZ,2022-10-05 19:30:46,43.65,51.2,63.18,24,39,15.01
242,Cockburn Town,TC,2022-10-05 19:30:46,21.4612,-71.1419,83.88,67,45,5.55
243,Husavik,IS,2022-10-05 19:30:47,66.0449,-17.3389,36.7,97,100,39.35
244,Teresopolis,BR,2022-10-05 19:30:48,-22.4122,-42.9656,64.09,94,82,3.49
245,Kavali,IN,2022-10-05 19:30:48,14.9167,79.9833,77.34,90,100,4.79
246,San Bartolome De Tirajana,ES,2022-10-05 19:30:49,27.9248,-15.5733,68.32,63,85,20.71
247,Karratha,AU,2022-10-05 19:30:50,-20.7377,116.8463,72.41,34,18,13.87
248,Norman Wells,CA,2022-10-05 19:29:11,65.282,-126.8329,42.84,75,40,13.8
249,Saint George,US,2022-10-05 19:30:21,37.1041,-113.5841,83.43,24,0,4.0
250,Oistins,BB,2022-10-05 19:30:51,13.0667,-59.5333,80.69,83,75,24.16
251,Port Lincoln,AU,2022-10-05 19:30:52,-34.7333,135.8667,54.03,91,3,7.94
252,Adelaide,AU,2022-10-05 19:29:22,-34.9333,138.6,58.3,87,40,4.61
253,Severodvinsk,RU,2022-10-05 19:30:53,64.5635,39.8302,46.51,94,100,5.93
254,Tazovskiy,RU,2022-10-05 19:30:54,67.4667,78.7,34.25,77,100,4.0
255,Asau,RO,2022-10-05 19:30:54,46.4333,26.4,51.28,79,96,6.08
256,Bitung,ID,2022-10-05 19:30:55,1.4451,125.1824,77.85,82,51,0.67
257,Akhaldaba,GE,2022-10-05 19:30:56,41.654,42.1516,54.16,98,100,2.77
258,Erzin,TR,2022-10-05 19:30:57,36.9559,36.2,70.2,81,46,2.35
259,Egvekinot,RU,2022-10-05 19:30:58,66.3167,-179.1667,32.83,99,100,18.84
260,Kavieng,PG,2022-10-05 19:30:58,-2.5744,150.7967,81.93,77,100,13.22
261,Tricase,IT,2022-10-05 19:30:59,39.9304,18.3553,64.31,60,99,13.62
262,Monrovia,LR,2022-10-05 19:31:00,6.3005,-10.7969,80.37,86,88,7.11
263,Tiznit,MA,2022-10-05 19:31:00,29.5833,-9.5,70.83,58,10,2.55
264,Longyearbyen,SJ,2022-10-05 19:29:17,78.2186,15.6401,40.84,70,20,18.41
265,Vanimo,PG,2022-10-05 19:31:02,-2.6741,141.3028,77.72,90,100,6.06
266,Amga,RU,2022-10-05 19:31:03,60.8953,131.9608,24.8,84,100,7.92
267,Sabang,ID,2022-10-05 19:31:03,5.8933,95.3214,78.78,83,100,15.73
268,Ust-Kan,RU,2022-10-05 19:31:04,50.9276,84.761,37.78,76,97,2.84
269,Praia Da Vitoria,PT,2022-10-05 19:31:05,38.7333,-27.0667,68.25,94,75,17.02
270,Sao Jose Da Coroa Grande,BR,2022-10-05 19:31:06,-8.8978,-35.1478,78.78,79,10,8.61
271,Biltine,TD,2022-10-05 19:31:07,14.5333,20.9167,90.07,23,62,3.36
272,Kumano,JP,2022-10-05 19:31:07,34.3442,132.5894,65.32,73,96,8.95
273,Aklavik,CA,2022-10-05 19:31:08,68.2191,-135.0107,32.67,89,100,14.05
274,Hamilton,US,2022-10-05 19:30:19,39.1834,-84.5333,78.21,29,0,10.36
275,Khor,RU,2022-10-05 19:31:10,47.8861,134.9464,29.21,72,4,8.25
276,Gobabis,NA,2022-10-05 19:31:11,-22.45,18.9667,79.43,12,99,7.78
277,Yenangyaung,MM,2022-10-05 19:31:12,20.4667,94.8833,78.3,81,90,1.61
278,Primero De Enero,CU,2022-10-05 19:31:13,21.9469,-78.4283,87.48,48,13,8.39
279,Selfoss,IS,2022-10-05 19:31:14,63.9331,-20.9971,42.04,77,100,7.43
280,Vilyuysk,RU,2022-10-05 19:32:14,63.7553,121.6247,29.1,97,100,5.59
281,Bengkulu,ID,2022-10-05 19:32:15,-3.8004,102.2655,76.1,84,100,3.15
282,Saint-Denis,FR,2022-10-05 19:32:16,48.9167,2.3333,67.23,78,100,23.02
283,Aykhal,RU,2022-10-05 19:32:17,66.0,111.5,22.73,96,99,8.14
284,Mpika,ZM,2022-10-05 19:32:17,-11.8343,31.4529,65.16,32,5,6.44
285,Chicama,PE,2022-10-05 19:32:18,-7.8447,-79.1469,63.14,60,100,10.65
286,Owando,CG,2022-10-05 19:32:19,-0.4819,15.8999,75.88,81,89,3.27
287,Kabinda,CD,2022-10-05 19:32:20,-6.1333,24.4833,68.81,83,51,2.55
288,Baruun-Urt,MN,2022-10-05 19:32:20,46.6806,113.2792,25.97,47,13,6.85
289,Asyut,EG,2022-10-05 19:32:21,27.181,31.1837,80.78,32,0,8.16
290,Petropavlovsk-Kamchatskiy,RU,2022-10-05 19:31:10,53.0452,158.6483,34.39,93,40,2.24
291,Villa Carlos Paz,AR,2022-10-05 19:28:18,-31.4241,-64.4978,54.9,48,100,11.01
292,Cherepovets,RU,2022-10-05 19:32:23,59.1333,37.9,44.42,100,40,4.47
293,Baykit,RU,2022-10-05 19:31:46,61.67,96.37,30.74,98,100,2.75
294,Cuamba,MZ,2022-10-05 19:32:25,-14.8031,36.5372,76.41,26,0,3.85
295,Parabel,RU,2022-10-05 19:32:25,58.6978,81.4825,38.89,84,100,5.61
296,Kodinsk,RU,2022-10-05 19:32:26,58.6881,99.1844,33.49,99,100,4.47
297,San Cristobal,VE,2022-10-05 19:29:25,7.7669,-72.225,80.78,81,100,1.14
298,Mugur-Aksy,RU,2022-10-05 19:32:28,50.35,90.5,29.7,68,62,6.55
299,Birjand,IR,2022-10-05 19:32:28,32.8663,59.2211,61.27,17,0,6.91
300,Kaitong,CN,2022-10-05 19:32:29,44.8135,123.15,34.3,42,0,7.25
301,Kloulklubed,PW,2022-10-05 19:32:30,7.0419,134.2556,75.7,74,69,8.52
302,Krasnoselkup,RU,2022-10-05 19:32:31,65.7,82.4667,32.85,94,100,9.1
303,Genhe,CN,2022-10-05 19:32:32,50.7833,121.5167,19.27,64,4,2.71
304,Port Blair,IN,2022-10-05 19:32:33,11.6667,92.75,80.19,83,100,13.29
305,Codrington,AU,2022-10-05 19:32:34,-38.2667,141.9667,54.86,93,100,11.27
306,Lagoa,PT,2022-10-05 19:32:35,39.05,-27.9833,69.01,84,100,20.71
307,Lata,PT,2022-10-05 19:32:36,40.1629,-8.3327,67.91,82,0,2.17
308,Port Hardy,CA,2022-10-05 19:32:37,50.6996,-127.4199,60.98,82,75,3.44
309,Algiers,DZ,2022-10-05 19:30:13,36.7525,3.042,73.98,57,91,9.37
310,Mangochi,MW,2022-10-05 19:32:38,-14.4782,35.2645,81.66,26,0,4.34
311,Minas,UY,2022-10-05 19:32:39,-34.3759,-55.2377,69.21,57,47,12.08
312,Touros,BR,2022-10-05 19:32:39,-5.1989,-35.4608,79.32,79,0,14.58
313,Sabzevar,IR,2022-10-05 19:32:40,36.2126,57.6819,65.48,22,0,13.8
314,Lakes Entrance,AU,2022-10-05 19:32:41,-37.8811,147.981,52.16,94,100,18.84
315,Tanout,NE,2022-10-05 19:32:41,14.9709,8.8879,93.85,18,68,11.52
316,Rio Gallegos,AR,2022-10-05 19:31:55,-51.6226,-69.2181,59.05,31,40,5.75
317,Zheleznodorozhnyy,RU,2022-10-05 19:32:43,55.7503,38.0042,44.78,85,88,7.05
318,Saint-Augustin,CA,2022-10-05 19:30:32,51.226,-58.6502,58.14,66,25,12.01
319,Aksarka,RU,2022-10-05 19:32:44,66.5606,67.7975,36.37,87,95,7.87
320,Palmer,US,2022-10-05 19:29:53,42.1584,-72.3287,62.62,84,100,9.22
321,Menongue,AO,2022-10-05 19:32:45,-14.6585,17.691,70.97,20,50,3.29
322,Tura,IN,2022-10-05 19:32:46,25.5198,90.2201,71.11,97,91,2.95
323,Kollam,IN,2022-10-05 19:32:47,8.8833,76.6,76.57,88,100,6.93
324,Assiniboia,CA,2022-10-05 19:33:47,49.6334,-105.9845,58.82,44,100,13.8
325,Pocone,BR,2022-10-05 19:32:07,-16.2567,-56.6228,99.79,27,61,6.91
326,Saldanha,ZA,2022-10-05 19:29:12,-33.0117,17.9442,57.25,78,0,8.84
327,Arkhipo-Osipovka,RU,2022-10-05 19:33:49,44.37,38.52,55.98,69,0,10.76
328,Ayr,GB,2022-10-05 19:33:50,55.4627,-4.6339,50.5,87,40,12.66
329,Puerto Carreno,CO,2022-10-05 19:33:50,6.189,-67.4859,91.38,55,40,2.3
330,Martapura,ID,2022-10-05 19:33:51,-3.4167,114.85,73.49,100,75,2.3
331,Saint Anthony,US,2022-10-05 19:33:52,45.0205,-93.218,73.99,63,75,8.05
332,Padang,ID,2022-10-05 19:33:53,-0.9492,100.3543,76.93,87,100,4.27
333,Turukhansk,RU,2022-10-05 19:33:53,65.8167,87.9833,30.54,95,99,6.82
334,Jackson,US,2022-10-05 19:30:39,42.4165,-122.8345,80.15,46,0,1.01
335,Urusha,RU,2022-10-05 19:33:54,54.05,122.9,23.05,69,54,2.71
336,Yumen,CN,2022-10-05 19:33:55,40.2833,97.2,41.09,58,6,4.18
337,Manokwari,ID,2022-10-05 19:33:56,-0.8667,134.0833,77.54,76,99,2.35
338,Srednekolymsk,RU,2022-10-05 19:33:56,67.45,153.6833,20.53,88,100,23.2
339,Kalmunai,LK,2022-10-05 19:29:27,7.4167,81.8167,80.01,78,100,2.57
340,Huarmey,PE,2022-10-05 19:33:57,-10.0681,-78.1522,66.72,69,4,13.18
341,Buritizeiro,BR,2022-10-05 19:33:58,-17.3511,-44.9622,85.89,42,80,2.28
342,Belgrade,RS,2022-10-05 19:33:59,44.804,20.4651,52.43,84,0,6.91
343,Gigmoto,PH,2022-10-05 19:33:59,13.7796,124.39,80.19,84,96,5.59
344,Nampula,MZ,2022-10-05 19:34:00,-15.1165,39.2666,69.49,62,0,4.94
345,Upata,VE,2022-10-05 19:34:01,8.0086,-62.3989,80.19,90,99,3.42
346,Samarai,PG,2022-10-05 19:34:01,-10.6167,150.6667,80.96,81,58,10.22
347,Constitucion,CL,2022-10-05 19:33:07,-35.3333,-72.4167,57.38,70,2,13.31
348,Forbes,AU,2022-10-05 19:29:32,-33.3833,148.0167,58.91,93,100,13.38
349,Andenes,NO,2022-10-05 19:34:05,69.3143,16.1194,45.93,80,40,12.66
350,Zhongshu,CN,2022-10-05 19:34:05,24.5167,103.7667,57.99,97,16,1.72
351,Mahajanga,MG,2022-10-05 19:34:06,-15.7167,46.3167,73.42,83,0,2.3
352,Kedrovyy,RU,2022-10-05 19:34:07,56.1667,91.8167,34.21,98,100,8.93
353,Stephenville,US,2022-10-05 19:34:08,32.2207,-98.2023,88.25,23,0,6.91
354,Sisimiut,GL,2022-10-05 19:34:08,66.9395,-53.6735,31.51,74,19,5.84
355,Vila Franca Do Campo,PT,2022-10-05 19:33:25,37.7167,-25.4333,72.19,88,98,9.42
356,Bubaque,GW,2022-10-05 19:29:31,11.2833,-15.8333,82.38,75,10,8.12
357,Barberton,ZA,2022-10-05 19:34:12,-25.7884,31.0532,75.29,51,1,2.08
358,Haradok,BY,2022-10-05 19:34:13,55.4624,29.9816,48.31,98,100,6.93
359,Burnie,AU,2022-10-05 19:34:14,-41.0667,145.9167,49.95,65,100,23.09
360,Gornji Milanovac,RS,2022-10-05 19:34:14,44.0333,20.45,46.49,74,100,2.44
361,La Rioja,ES,2022-10-05 19:34:15,42.25,-2.5,60.58,69,0,1.97
362,Clyde River,CA,2022-10-05 19:34:16,70.4692,-68.5914,26.83,74,100,19.57
363,Auki,SB,2022-10-05 19:31:50,-8.7676,160.7034,76.93,77,100,4.27
364,Salalah,OM,2022-10-05 19:34:19,17.0151,54.0924,78.89,83,20,3.44
365,Marsabit,KE,2022-10-05 19:34:20,2.3284,37.9899,73.33,42,81,17.67
366,Akom,CM,2022-10-05 19:34:20,2.6678,12.7109,67.84,98,100,2.51
367,Ciudad Bolivar,VE,2022-10-05 19:35:21,8.1222,-63.5497,90.12,54,77,2.28
368,Boyolangu,ID,2022-10-05 19:35:22,-8.1181,111.8935,74.7,91,100,6.33
369,Sidmouth,GB,2022-10-05 19:35:23,50.6909,-3.2397,54.66,77,20,8.05
370,Mount Darwin,ZW,2022-10-05 19:35:23,-16.7725,31.5838,69.08,32,0,3.85
371,Manzanillo,CU,2022-10-05 19:35:24,20.3433,-77.1167,87.1,64,49,5.44
372,Sao Domingos,BR,2022-10-05 19:35:25,-13.3983,-46.3183,95.29,18,59,2.44
373,Griffith,US,2022-10-05 19:35:26,41.5284,-87.4237,79.14,29,0,5.75
374,Awjilah,LY,2022-10-05 19:35:26,29.1081,21.2869,78.73,38,4,8.39
375,Panjab,AF,2022-10-05 19:33:06,34.388,67.0233,41.02,34,0,5.88
376,Port Macquarie,AU,2022-10-05 19:30:35,-31.4333,152.9167,56.89,93,100,5.08
377,Khandyga,RU,2022-10-05 19:35:28,62.6667,135.6,10.76,92,33,2.01
378,Wilmington,US,2022-10-05 19:31:19,34.2257,-77.9447,75.94,46,0,11.5
379,Fairlie,GB,2022-10-05 19:35:29,55.756,-4.8556,51.19,89,48,5.99
380,Isangel,VU,2022-10-05 19:35:30,-19.55,169.2667,66.31,94,29,3.44
381,Amuntai,ID,2022-10-05 19:35:30,-2.4177,115.2494,72.75,98,93,1.05
382,Lunenburg,CA,2022-10-05 19:35:31,44.3835,-64.3155,62.49,86,100,14.97
383,Xuddur,SO,2022-10-05 19:35:32,4.1213,43.8894,74.25,76,46,14.97
384,Garissa,KE,2022-10-05 19:35:32,-0.4536,39.6401,77.7,70,12,20.31
385,Terra Santa,BR,2022-10-05 19:35:33,-2.1042,-56.4869,99.66,26,97,8.28
386,Cordoba,AR,2022-10-05 19:33:27,-31.4135,-64.1811,58.24,80,20,20.71
387,Gat,IL,2022-10-05 19:35:34,31.61,34.7642,75.88,100,0,4.32
388,Darlowo,PL,2022-10-05 19:35:35,54.421,16.4107,57.06,68,13,16.24
389,Cabedelo,BR,2022-10-05 19:35:35,-6.9811,-34.8339,83.07,80,1,12.17
390,Bangad,PH,2022-10-05 19:35:36,15.5036,121.0275,74.59,89,92,3.58
391,Klaksvik,FO,2022-10-05 19:35:37,62.2266,-6.589,49.12,75,20,30.33
392,Pemberton,CA,2022-10-05 19:35:37,50.3164,-122.8027,81.21,47,15,1.03
393,Matara,LK,2022-10-05 19:35:38,5.9485,80.5353,76.95,88,100,11.68
394,High Prairie,CA,2022-10-05 19:35:39,55.4334,-116.4858,51.26,53,100,11.45
395,Wabana,CA,2022-10-05 19:35:39,47.6332,-52.9481,63.55,49,20,14.97
396,Champerico,GT,2022-10-05 19:35:40,14.3,-91.9167,93.74,73,100,5.55
397,Hambantota,LK,2022-10-05 19:35:41,6.1241,81.1185,78.64,81,100,16.58
398,Kroya,ID,2022-10-05 19:35:41,-7.6331,109.2461,76.71,86,98,7.56
399,Iwanai,JP,2022-10-05 19:35:42,42.9744,140.5089,45.77,70,98,9.75
400,Dubuque,US,2022-10-05 19:30:49,42.4833,-90.8668,72.5,39,75,9.22
401,Casper,US,2022-10-05 19:33:12,42.8666,-106.3131,68.72,33,0,5.75
402,Rassvet,RU,2022-10-05 19:35:43,46.8333,40.75,52.21,68,1,6.78
403,Chiredzi,ZW,2022-10-05 19:35:44,-21.05,31.6667,79.27,44,0,9.89
404,Peniche,PT,2022-10-05 19:35:45,39.3558,-9.3811,66.07,89,0,14.36
405,Xichang,CN,2022-10-05 19:35:45,27.8964,102.2634,66.34,92,100,2.82
406,Halden,NO,2022-10-05 19:35:46,59.1226,11.3871,57.63,96,100,20.45
407,Cap Malheureux,MU,2022-10-05 19:35:47,-19.9842,57.6142,71.47,71,62,4.0
408,Guerrero Negro,MX,2022-10-05 19:35:47,27.9769,-114.0611,76.26,61,6,8.95
409,Tonekabon,IR,2022-10-05 19:35:48,36.8163,50.8738,73.35,68,0,2.68
410,Bathsheba,BB,2022-10-05 19:35:49,13.2167,-59.5167,81.21,83,75,24.16
411,Hornepayne,CA,2022-10-05 19:35:49,49.2138,-84.7705,57.49,92,97,8.52
412,Yeniseysk,RU,2022-10-05 19:35:50,58.4497,92.1703,34.32,97,100,10.29
413,Moyale,KE,2022-10-05 19:35:51,3.5167,39.0584,73.49,53,96,4.0
414,Masuguru,TZ,2022-10-05 19:35:51,-11.3667,38.4167,76.17,66,5,9.01
415,Colares,PT,2022-10-05 19:33:36,38.7992,-9.4469,71.28,74,0,20.0
416,Tomatlan,MX,2022-10-05 19:35:52,19.9333,-105.25,86.99,65,10,5.68
417,Gueret,FR,2022-10-05 19:36:53,46.1667,1.8667,55.58,78,0,2.68
418,Mosquera,CO,2022-10-05 19:36:54,4.7059,-74.2302,51.89,100,75,4.61
419,Lavrentiya,RU,2022-10-05 19:36:54,65.5833,-171.0,38.43,90,100,23.24
420,Zlobin,HR,2022-10-05 19:36:56,45.2924,14.6541,54.59,85,0,0.0
421,Basco,PH,2022-10-05 19:36:56,20.4487,121.9702,82.6,77,23,16.98
422,Kabanjahe,ID,2022-10-05 19:36:57,3.1001,98.4908,62.02,96,100,4.43
423,Alzamay,RU,2022-10-05 19:36:57,55.5562,98.6644,34.3,98,100,8.52
424,Camara De Lobos,PT,2022-10-05 19:36:58,32.6333,-16.9667,73.71,90,20,11.5
425,Gusau,NG,2022-10-05 19:36:59,12.1628,6.6614,76.12,74,100,2.53
426,Zavyalovo,RU,2022-10-05 19:36:59,54.5053,82.4484,43.18,95,100,3.22
427,Gijon,ES,2022-10-05 19:37:00,43.5357,-5.6615,66.45,92,100,5.01
428,Marfino,RU,2022-10-05 19:37:01,55.7028,37.3822,44.51,87,75,6.71
429,Nyurba,RU,2022-10-05 19:37:02,63.2842,118.3319,29.98,96,100,9.26
430,Bandarbeyla,SO,2022-10-05 19:37:02,9.4942,50.8122,77.41,83,72,18.01
431,Kutum,SD,2022-10-05 19:37:03,14.2,24.6667,84.09,25,94,9.15
432,Florida,US,2022-10-05 19:34:10,28.7505,-82.5001,82.9,57,0,8.05
433,Hirara,JP,2022-10-05 19:37:04,24.8,125.2833,80.42,79,24,16.64
434,Sao Joao Da Barra,BR,2022-10-05 19:37:05,-21.6403,-41.0511,77.09,85,73,11.1
435,Mirabad,AF,2022-10-05 19:37:06,30.4362,61.8383,73.33,15,0,24.36
436,Valle Hermoso,MX,2022-10-05 19:37:06,25.6667,-97.8333,87.93,33,54,9.01
437,Hammerfest,NO,2022-10-05 19:37:07,70.6634,23.6821,43.25,81,100,3.44
438,Zhigansk,RU,2022-10-05 19:37:08,66.7697,123.3711,24.21,93,100,11.74
439,Tudela,ES,2022-10-05 19:37:09,42.0617,-1.6045,72.5,53,0,1.14
440,Grand Gaube,MU,2022-10-05 19:37:09,-20.0064,57.6608,72.0,71,69,4.0
441,Naron,ES,2022-10-05 19:37:10,43.5167,-8.1528,64.04,91,100,13.31
442,Christiana,ZA,2022-10-05 19:37:11,-27.914,25.1611,68.83,17,33,3.42
443,Victor Harbor,AU,2022-10-05 19:37:11,-35.5667,138.6167,55.69,94,12,7.09
444,Phuket,TH,2022-10-05 19:37:12,8.0,98.25,79.02,94,20,9.22
445,Poum,NC,2022-10-05 19:37:13,-20.2333,164.0167,72.64,65,47,11.14
446,Loiza,PR,2022-10-05 19:37:13,18.4313,-65.8802,89.58,64,40,20.71
447,Bardiyah,LY,2022-10-05 19:37:14,31.7561,25.0865,72.91,58,0,13.4
448,Roanoke,US,2022-10-05 19:36:04,37.271,-79.9414,77.04,46,0,11.5
449,Abu Dhabi,AE,2022-10-05 19:33:21,24.4667,54.3667,87.91,81,0,5.75
450,Wilmington Island,US,2022-10-05 19:37:16,32.0036,-80.9737,79.03,49,0,9.22
451,Jining,CN,2022-10-05 19:37:17,35.405,116.5814,48.96,81,100,4.05
452,Los Llanos De Aridane,ES,2022-10-05 19:37:17,28.6585,-17.9182,73.13,87,0,12.66
453,Marrakesh,MA,2022-10-05 19:36:33,31.6315,-8.0083,84.27,26,100,3.44
454,Embonas,GR,2022-10-05 19:37:19,36.2269,27.8564,68.13,60,0,13.2
455,Tatawin,TN,2022-10-05 19:37:19,32.9297,10.4518,72.23,64,15,14.83
456,Nalvo,PH,2022-10-05 19:37:20,16.8096,120.5108,72.82,86,45,4.16
457,Atambua,ID,2022-10-05 19:37:21,-9.1061,124.8925,73.78,85,84,3.74
458,Kargasok,RU,2022-10-05 19:37:21,59.0556,80.8572,39.0,77,100,7.27
459,Waipawa,NZ,2022-10-05 19:33:13,-41.4122,175.5153,36.86,85,99,18.77
460,Coulommiers,FR,2022-10-05 19:37:23,48.8145,3.085,66.85,68,52,12.24
461,Haines Junction,CA,2022-10-05 19:37:23,60.7522,-137.5108,42.75,75,100,1.14
462,Sistranda,NO,2022-10-05 19:37:24,63.7256,8.834,49.96,81,60,36.6
463,Carman,CA,2022-10-05 19:33:39,49.4992,-98.0016,68.34,52,25,16.11
464,Manado,ID,2022-10-05 19:37:25,1.487,124.8455,77.77,94,20,1.14
465,Namibe,AO,2022-10-05 19:38:26,-15.1961,12.1522,64.51,84,76,1.83
466,Atikokan,CA,2022-10-05 19:38:26,48.7555,-91.6216,67.23,48,88,8.12
467,Riyadh,SA,2022-10-05 19:34:32,24.6877,46.7219,82.54,15,0,1.86
468,Kruisfontein,ZA,2022-10-05 19:38:27,-34.0033,24.7314,55.89,83,76,4.97
469,Changji,CN,2022-10-05 19:38:28,44.0167,87.3167,47.19,46,0,2.24
470,Kieta,PG,2022-10-05 19:38:29,-6.2167,155.6333,78.76,84,80,6.13
471,Grand-Santi,GF,2022-10-05 19:38:30,4.25,-54.3833,96.17,31,12,3.33
472,Vila Velha,BR,2022-10-05 19:37:54,-20.3297,-40.2925,76.95,83,75,8.05
473,Tucurui,BR,2022-10-05 19:38:31,-3.7661,-49.6725,95.52,32,91,2.66
474,Tarrafal,CV,2022-10-05 19:38:32,15.2833,-23.7667,84.99,77,31,5.12
475,Bundaberg,AU,2022-10-05 19:38:32,-24.85,152.35,61.21,92,42,1.99
476,Rayon,MX,2022-10-05 19:38:33,19.1444,-99.5836,66.07,66,42,5.5
477,Seminole,US,2022-10-05 19:38:34,28.7086,-81.2081,85.24,48,0,8.05
478,Sosva,RU,2022-10-05 19:38:35,59.1766,61.8558,40.62,67,99,4.76
479,Keti Bandar,PK,2022-10-05 19:38:35,24.1447,67.4497,80.74,76,68,10.83
480,Margate,GB,2022-10-05 19:38:36,51.3813,1.3862,58.3,69,11,5.99
481,Riverton,US,2022-10-05 19:35:19,40.5219,-111.9391,78.78,33,0,4.0
482,Narva-Joesuu,EE,2022-10-05 19:38:37,59.4589,28.0408,52.2,96,100,10.33
483,Haikou,CN,2022-10-05 19:36:36,20.0458,110.3417,77.13,94,0,4.47
484,Roma,US,2022-10-05 19:34:03,43.2128,-75.4557,69.96,46,0,8.05
485,Barguzin,RU,2022-10-05 19:38:39,53.6167,109.6167,22.73,79,14,1.21
486,Jian,CN,2022-10-05 19:38:39,27.1172,114.9793,63.88,76,98,6.85
487,Kununurra,AU,2022-10-05 19:35:04,-15.7667,128.7333,82.38,65,40,5.75
488,Talcahuano,CL,2022-10-05 19:36:53,-36.7167,-73.1167,56.88,72,40,12.66
489,Buin,CL,2022-10-05 19:38:41,-33.7333,-70.75,64.44,50,92,9.33
490,Wawina,HN,2022-10-05 19:38:42,15.4167,-84.4333,80.71,79,100,4.05
491,Lasa,IT,2022-10-05 19:38:42,46.6166,10.7002,58.08,84,25,2.55
492,Mulege,MX,2022-10-05 19:38:43,26.8833,-111.9833,89.13,29,0,8.08
493,Muros,ES,2022-10-05 19:38:44,42.7762,-9.0603,68.16,81,97,12.8
494,Insch,GB,2022-10-05 19:38:44,57.3427,-2.6132,49.93,81,37,15.21
495,Pangnirtung,CA,2022-10-05 19:38:45,66.1451,-65.7125,31.46,91,100,1.66
496,Oktyabrskoye,RU,2022-10-05 19:38:46,43.0645,44.7417,59.14,87,100,6.71
497,Pareora,NZ,2022-10-05 19:38:46,-44.4871,171.2132,39.18,37,5,20.07
498,Izhevskoye,RU,2022-10-05 19:38:47,54.5567,40.8703,43.11,93,85,7.29
499,Cumana,VE,2022-10-05 19:38:48,10.4635,-64.1775,82.04,80,94,5.53
500,Kudat,MY,2022-10-05 19:38:48,6.8837,116.8477,75.29,94,20,1.14
501,Tigil,RU,2022-10-05 19:38:49,57.8,158.6667,34.25,71,79,24.87
502,Kavaratti,IN,2022-10-05 19:38:50,10.5669,72.642,81.19,79,78,15.39
503,Zhezkazgan,KZ,2022-10-05 19:38:51,47.8043,67.7144,47.57,22,0,8.66
504,Olafsvik,IS,2022-10-05 19:38:51,64.8945,-23.7142,44.33,68,100,9.64
505,Viedma,AR,2022-10-05 19:38:52,-40.8135,-62.9967,73.51,24,19,15.3
506,Pak Phanang,TH,2022-10-05 19:38:53,8.3511,100.202,79.83,80,100,4.14
507,Sao Felix Do Xingu,BR,2022-10-05 19:38:53,-6.6447,-51.995,99.54,20,60,1.97
508,Paamiut,GL,2022-10-05 19:38:54,61.994,-49.6678,36.68,93,100,9.64
509,Aracaju,BR,2022-10-05 19:38:55,-10.9111,-37.0717,80.55,74,40,11.5
510,Charters Towers,AU,2022-10-05 19:38:56,-20.1,146.2667,65.08,89,2,7.45
511,Grindavik,IS,2022-10-05 19:39:56,63.8424,-22.4338,45.07,76,75,8.05
512,Bam,IR,2022-10-05 19:39:57,29.106,58.357,78.96,12,0,12.93
513,Camana,PE,2022-10-05 19:39:58,-16.6228,-72.7111,63.28,71,72,11.07
514,Tezu,IN,2022-10-05 19:39:58,27.9167,96.1667,73.15,97,99,2.3
515,Wielun,PL,2022-10-05 19:39:59,51.221,18.5696,55.8,69,100,13.76
516,Itai,BR,2022-10-05 19:38:05,-23.4178,-49.0906,81.36,52,0,3.76
517,Caravelas,BR,2022-10-05 19:37:07,-17.7125,-39.2481,77.31,75,79,11.16
518,Belaya Gora,RU,2022-10-05 19:39:48,68.5333,146.4167,17.51,93,97,11.18
519,Plettenberg Bay,ZA,2022-10-05 19:40:03,-34.0527,23.3716,55.44,86,100,4.0
520,Adrar,MR,2022-10-05 19:40:04,20.5022,-10.0711,95.9,12,7,10.92
521,Atherton,GB,2022-10-05 19:40:05,53.5237,-2.4935,53.42,85,11,1.01
522,Necochea,AR,2022-10-05 19:40:06,-38.5473,-58.7368,60.48,66,100,5.7
523,Dzaoudzi,YT,2022-10-05 19:40:07,-12.7887,45.2699,76.89,78,0,8.05
524,Herat,AF,2022-10-05 19:40:07,34.5,62.0,57.24,14,0,13.35
525,Whitianga,NZ,2022-10-05 19:40:08,-36.8333,175.7,50.43,71,28,13.8
526,Nizhniy Odes,RU,2022-10-05 19:40:09,63.6445,54.856,41.7,92,100,6.08
527,Bondo,CD,2022-10-05 19:40:10,3.8146,23.6866,70.27,92,74,1.88
528,Saint-Georges,GD,2022-10-05 19:40:11,12.0564,-61.7485,78.48,94,75,25.32
529,Upington,ZA,2022-10-05 19:40:12,-28.4478,21.2561,73.78,15,53,3.44
530,Hami,CN,2022-10-05 19:40:13,42.8,93.45,52.74,46,0,4.97
531,Nishihara,JP,2022-10-05 19:40:14,26.1842,127.7558,78.08,83,100,10.36
532,Albania,AL,2022-10-05 19:40:14,41.0,20.0,60.67,43,100,5.46
533,Bourail,NC,2022-10-05 19:40:15,-21.5667,165.4833,69.04,64,94,3.49
534,Huilong,CN,2022-10-05 19:40:16,31.8111,121.655,60.93,82,100,13.98
535,Sumbe,AO,2022-10-05 19:40:17,-11.2061,13.8437,73.83,85,58,9.44
536,Oyonnax,FR,2022-10-05 19:40:18,46.2592,5.6573,62.73,87,0,5.08
537,Lorengau,PG,2022-10-05 19:40:19,-2.0226,147.2712,82.29,74,41,11.52
538,Vengerovo,RU,2022-10-05 19:40:19,55.6848,76.7471,44.78,96,100,0.87
539,Mana,GF,2022-10-05 19:40:20,5.6592,-53.7767,82.96,71,26,11.56
540,Neman,RU,2022-10-05 19:40:21,55.0311,22.0264,51.48,79,100,8.63
541,Razdolinsk,RU,2022-10-05 19:40:22,58.4211,94.6658,31.77,98,100,9.06
542,Darab,IR,2022-10-05 19:40:22,28.7519,54.5444,79.21,13,0,17.07
543,Uran,IN,2022-10-05 19:40:23,18.8769,72.9397,84.16,82,100,7.4
544,Do Gonbadan,IR,2022-10-05 19:40:24,30.3586,50.7981,86.09,14,0,0.0
545,Nome,US,2022-10-05 19:40:25,64.5011,-165.4064,32.07,86,0,0.0
546,Kayerkan,RU,2022-10-05 19:40:26,69.3497,87.7602,27.84,95,100,5.19
547,Marbella,ES,2022-10-05 19:40:26,36.5154,-4.8858,71.26,100,0,5.21
548,Sennoy,RU,2022-10-05 19:40:27,52.1509,46.9631,50.65,72,43,10.18
549,Salinopolis,BR,2022-10-05 19:40:28,-0.6136,-47.3561,82.06,73,7,14.41
550,Surgut,RU,2022-10-05 19:40:29,61.25,73.4167,30.38,92,0,4.47
551,Heihe,CN,2022-10-05 19:40:30,50.2441,127.4902,27.18,53,2,6.29
552,Linjiang,CN,2022-10-05 19:40:30,41.8069,126.9078,31.37,72,17,1.19
553,Christchurch,NZ,2022-10-05 19:38:47,-43.5333,172.6333,40.41,60,20,14.97
554,Saint-Pierre,RE,2022-10-05 19:40:31,-21.3393,55.4781,71.28,73,20,17.27
555,Darbhanga,IN,2022-10-05 19:40:32,26.1667,85.9,76.46,91,90,6.44
556,Batemans Bay,AU,2022-10-05 19:40:33,-35.7167,150.1833,57.09,95,100,11.95
557,Clive,US,2022-10-05 19:36:35,41.603,-93.7241,72.61,58,75,3.44
558,Dhidhdhoo,MV,2022-10-05 19:38:54,6.8833,73.1,80.89,80,100,17.63
559,Magadan,RU,2022-10-05 19:41:34,59.5667,150.8,18.54,68,97,5.99
560,San Quintin,MX,2022-10-05 19:37:51,30.4833,-115.95,73.2,71,12,9.64
